Name,Street,City,State,Zipcode,Category,Total Quantity to Deliver,Driver,Notes,Contact Name,Contact Phone,Has Rack,Restock,Advertiser,Latitude,Longitude,Delivered to Date,Returns,"County
",Area,Drop next time,One-off (featured in issue) ,Initial To Deliver,INITIAL DELivery,Restock 1,Restock 2,Restock 3,Restock 4
Watsonville Airport,100 Aviation Way,Watsonville,CA,95076,airport,33,Bill,restaurant & pilot's center,,,,,,36.933978,-121.787818,,,Santa Cruz ,Watsonville,,,,,,,,
Heather's Pastisserie,"Aptos Center Shopping Center, 7486 Soquel Dr",Aptos,CA,95003,bakery,50,Bill,,,,,,,36.981997,-121.910891,30,,,,,,,30,,,,
SC County Bank,7775 Soquel Dr. Aptos,Aptos,CA,95003,bank,15,Bill,,,,,y,Y,36.979145,-121.907349,25,,Santa Cruz,Aptos,,,50,25,,,,
SC County Bank,595 Auto Center Dr.,Watsonville ,CA,95076,bank,25,Bill,,,,,n,Y,36.91639,-121.767159,25,,Santa Cruz,Watsonville ,,,50,25,,,,
Discretion Brewing,2703 41st Ave, Soquel,CA,95073,beer,50,Bill,,,,,,,36.986324,-121.965768,0,,Santa Cruz,Soquel,,,,,,,,
Aldos ,4628 Soquel Dr., Soquel,CA,95073,dining,25,Bill,,John,,,,,36.964117,-122.003061,25,,Santa Cruz,Soquel,,,25,25,,,,
California Grill,1970 Freedom Blvd. ste. A Freedom,Watsonville ,CA,95076,dining,50,Bill,,Lindsey,,,n,,36.937767,-121.77674,100,,Santa Cruz,Watsonville ,,,100,100,,,,
Palapas Restaurant & Cantina,21 Seascape Blvd,Aptos,CA,95003,dining,25,Bill,,,,,,,36.952019,-121.8771,25,,,,,,,25,,,,
Farm Bureau,141 Monte Vista Ave.,Watsonville ,CA,95076,farm,25,Bill,,Jess 724-1356,,,n,,36.923935,-121.757744,25,,Santa Cruz,Watsonville ,,,25,25,,,,
Gizdich Ranch,55 Peckham Rd, Watsonville,CA,95076,farm,500,Bill,5 boxes to start,Vince,,,n,Y,36.947544,-121.71283,500,,Santa Cruz,Watsonville ,,,500,500,,,,
Live Earth Farm,172 Litchfield Ln, Watsonville,CA,95076,farm,200,Bill,,,,,n,Y,36.981491,-121.784256,250,,Santa Cruz,Watsonville ,,,250,250,,,,
WAT Farmer's Market,Peck St & Main St, Watsonville,CA,95076,farmers market,25,Bill,,,,,n,,36.90962,-121.75621,0,,Santa Cruz,Watsonville ,,,,,,,,
"Dos Aquilas Olive Oil
",1855 Pleasant Vally Road, Aptos,CA,95003,food,15,Bill,,,,,,Y,36.997525,-121.835744,0,,Santa Cruz,Aptos,,,,,,,,
High Ground Organics,521 Harkins Slough Rd,Watsonville ,CA,95076,food,25,Bill,,Sarah/ Jean,,,n,,36.90934,-121.801239,0,,Santa Cruz,Watsonville ,,,50,,,,,
Aptos Landscape Supply,5035 Freedom Blvd, Aptos,CA,95003,garden,50,Bill,,,,y,n,,36.987675,-121.836831,64,25,Santa Cruz,Aptos,,,100,64,,,,
Hidden Gardens Nursery,7765 Soquel Dr., Aptos,CA,95003,garden,25,Bill,,688-7011,,,y,,36.979656,-121.907402,50,,Santa Cruz,Aptos,,,50,50,,,,
Best Western Seacliff Inn,7500 Old Dominion Ct, Aptos,CA,95003,lodging,50,Bill,,,,,,Y,36.978994,-121.910656,20,,,Aptos ,,,,20,,,,
Seascape Resort/Sanderlings,1 Seascape Resort Dr. Aptos,Aptos,CA,95003,lodging,250,Bill,5 boxes to start,Annie/ Kelly 688-6800,,,y,,36.950558,-121.877113,300,,Santa Cruz,Aptos,,,300,300,,,,
Corralitos Market,19 W Lake Ave, Watsonville,CA,95076,market,25,Bill,,Ken 722-2633,,,n,,36.911085,-121.758988,25,,Santa Cruz,Watsonville ,,,25,25,,,,
Deluxe Foods of Aptos,783 Rio Del Mar Blvd #25,Aptos,CA,95003,market,50,Bill,,,,,,,36.974212,-121.889531,50,,,,,,,50,,,,
Fish Lady,2510 S. Main St.,Soquel,CA,95073,market,25,Bill,,Sharon,,,n,,36.984125,-121.956761,50,,Santa Cruz,Soquel,,,50,50,,,,
Seascape Market and Juice,16 Seascape Village, Aptos,CA,95003,market,50,Bill,,,,,n,,36.952531,-121.87717,75,,Santa Cruz,Aptos,,,75,75,,,,
California Coastal Homes,"2567 Main St, Ste 101",Soquel,CA,95073,reality,10,Bill,,,,,,Y,36.98477,-121.955691,0,,Santa Cruz,Soquel,,,,,,,,
Annie Glass,310 Harvest Drive,Watsonville ,CA,95076,retail,75,Bill,,,,,y,Y,36.902447,-121.762611,50,,Santa Cruz,Watsonville ,,,75,50,,,,
Alfaro Winery,420 Hames Rd,Watsonville ,CA,95076,wine,100,Bill,OPEN Sat./ Sun.,Mary Kay 728-5172,,,y,,36.992418,-121.819392,50,,Santa Cruz,Watsonville ,,,150,50,,,,
Armtage WInes Tasting Room,105c Post Office Dr., Aptos,CA,95003,wine,50,Bill,,Brandon Armitage,"706-6601 cell, 708-2874",y,n,,36.976597,-121.899961,0,,Santa Cruz,Aptos,,,,,,,,
Bargetto Winery,3535 N Main St, Soquel,CA,95073,wine,50,Bill,,,,,y,,36.995194,-121.954575,50,,Santa Cruz,Soquel,,,50,50,,,,
Nicholson Vineyards,2800 Pleasant Valley,Watsonville ,CA,95076,wine,50,Bill,,Marguerite & Brian 724-7071,,,n,,37.005425,-121.840057,0,,Santa Cruz,Watsonville ,,,50,,,,,
Pleasant Valley Vineyards,600 Pleasant Valley,Watsonville ,CA,95076,wine,25,Bill,,Craig & Cathy 288-0074,,,n,,36.982952,-121.827667,0,,Santa Cruz,Watsonville ,,,15,,,,,
Windy Oaks,550 Hazel Dell,Watsonville ,CA,95076,wine,50,Bill,,Jim & Judy h724-9562,,,y,Y,37.019807,-121.761094,50,,Santa Cruz,Watsonville ,,,50,50,,,,
Carried Away,7564 Soquel Dr, Aptos,CA,95003,xxx,100,Bill,,Tran/Tom,,,n,Y,36.98167,-121.910027,50,,Santa Cruz,Aptos,,,50,50,,,,
Casalegno's,3 Laurel Glen Rd, Soquel,CA,95073,xxx,30,Bill,,,,y,n,,37.032525,-121.946981,30,,Santa Cruz,Soquel,,,30,30,,,,
Let's Cook!,3121 N. Main ,Soquel,CA,95073,xxx,50,Bill,,Patricia,,,y,,36.989914,-121.955223,0,,Santa Cruz,Soquel,,,50,,,,,
Pezzini,460 Nashua Road (Just off HWY 1), Castroville,CA,95012,xxx,150,Bill,,Sean,,,y,,36.7459984,-121.7715912,192,,"Monterey
",Castroville,,,141,192,,,,
Sante Adairius,103 Kennedy Dr, Capitola,CA,95010,xxx,25,Bill,,,,,y,,36.982319,-121.94307,25,,Santa Cruz,Aptos,,,50,25,,,,
Thrive,2840 Park Ave. Aptos,Aptos,CA,95003,xxx,50,Bill,,Juli,,,n,Y,36.986244,-121.936203,25,,Santa Cruz,Aptos,,,50,25,,,,
Tree House Treats,"Tree of Health, Redwood Village, 9099 Soquel Drive",Aptos,CA,95003,xxx,15,Bill,,,,,,Y,36.975772,-121.886723,0,,Santa Cruz,Aptos,,,,,,,,
Hollister Municipal Airport,90 Airport Dr,Hollister,CA,95023,airport,33,Chris,restaurant & pilot's center,,,,,,36.889408,-121.402702,,,San Benito ,Hollister,,,,,,,,
Pie Ranch,2080 Cabrillo Hwy, Pescadero,CA,94060,bakery,150,Chris,,Nancy/ Kelly,,,n,,37.130089,-122.312072,150,,Santa Cruz,"Davenport
",,,141,150,,,,
The Grove Bakery,7511 Pacheco Pass Hwy.,Hollister,CA,95023,bakery,25,Chris,Closed Mon-Wedn,,,,n,,36.9591179,-121.3831406,25,,San Benito,San Benito,,,,25,,,,
Whale City Bakery,490 Coast Rd, Davenport,CA,95017,bakery,100,Chris,,Lizzie,,,n,Y,37.011353,-122.194931,50,,Santa Cruz,Davenport,,,47,50,,,,
Venus Spirits,427 A Swift St.,Santa Cruz,CA,95060,bar,50,Chris,,Sean,,,n,,36.955966,-122.048585,64,,Santa Cruz,Westside,,,47,64,,,,
Grillin and Chillin Alehouse,401 McCray St. B24, Hollister,CA,95023,beer,25,Chris,,,,,n,,36.8516769,-121.3976746,25,,San Benito,San Benito,,,,25,,,,
Vertigo Coffee,81 4th St, San Juan Bautista,CA,95045,coffee,50,Chris,,,,,n,,36.841928,-121.535168,50,,San Benito,San Benito,,,,50,,,,
3rd Base Burger Bar,"650 San Benito St., Ste. 110",Hollister,CA,95023,dining,50,Chris,,,,,n,,36.849678,-121.4024429,50,,San Benito,San Benito,,,,50,,,,
Davenport Roadhouse,1 Davenport Ave, Davenport,CA,95017,dining,50,Chris,,,,,n,,37.010803,-122.19384,50,,Santa Cruz,Davenport,,,47,50,,,,
Relax! Grillin & Chilllin,3650 San Juan Road, Hollister,CA,95023,dining,50,Chris,,,,,n,,36.844419,-121.456429,50,,San Benito,San Benito,,,,50,,,,
Fish Princess Farms,817 Swift St.,Santa Cruz,CA,95060,farm,50,Chris,leave at WS Farm & Feed,Jeanie 402-0635,,,n,,36.959617,-122.049257,50,,Santa Cruz,Westside,,,50,50,,,,
Swanton Berry Farm,25 Swanton Rd, Davenport,CA,95017,farm,50,Chris,,,,,n,,37.031557,-122.2182,50,,Santa Cruz,Davenport,,,47,50,,,,
Morris Grassfed,500 Mission Vineyard Road,San Juan Batista,CA,95045,food,50,Chris,Leave at garage of house,,,,n,Y,36.8267517,-121.506546,50,,San Benito,San Benito,,,,50,,,,
San Benito Bene,615 San Benito St, Hollister,CA,95023,food,100,Chris,,,,,n,,36.8500443,-121.4018173,100,,San Benito,San Benito,,,,100,,,,
The Garden Co.,2218 Mission Str.,Santa Cruz,CA,95060,garden,50,Chris,,Marie (owner),,,n,,36.962307,-122.045692,50,,Santa Cruz,Westside,,,,50,,,,
Casa de Fruta,10021 Pacheco Pass,Hollister,CA,95023,market,100,Chris,discuss this with staff,Suzanne,,,,,36.988067,-121.382869,100,,"San Benito
",San Benito,,,,100,,,,
Hollister Downtown Assoc,514 Monterey, Hollister,CA,95023,other,25,Chris,,,,,n,,36.851217,-121.403986,25,,San Benito,San Benito,,,,25,,,,
La Sirena Antiques,328 D Ingalls St.,Santa Cruz,CA,95060,retail,25,Chris,,Kim,,y,y,,36.958877,-122.04639,25,,Santa Cruz,Westside,,,30,25,,,,
SLOWCOAST,25 Swanton Road,Davenport,CA,95017,retail,150,Chris,,,,,n,,37.031557,-122.218404,150,,Santa Cruz,Davenport,,,94,150,,,,
Amiee Lee Winery,106 3rd St. San Juan Bautista,San Juan Batista,CA,95045,wine,25,Chris,closed mon-thurs,Gerry,,,,,36.843859,-121.535525,25,,San Benito,San Benito,,,,25,,,,
Bonny Doon Tasting Room,450 Cabrillo Hwy, Davenport,CA,95017,wine,25,Chris,,,,,n,,37.011066,-122.194443,25,,Santa Cruz,Davenport,,,25,25,,,,
Calera Wine Co.,11300 Cienega Rd. Hollister,Hollister,CA,95023,wine,50,Chris,,Judy/Kate,,,,Y,36.736612,-121.369345,50,,"San Benito
",San Benito,,,,50,,,,
Cetani Vineyards,741 Riverside Rd.,Hollister,CA,95023,wine,50,Chris,delete from the list.  They aren't open to the public,Caryn,,,,,36.835864,-121.423458,0,,"San Benito
",San Benito,,,,0,,,,
DeRose Vineyards,9970 Cienega Rd. Hollister,Hollister,CA,95023,wine,50,Chris,,Alfonze,,,,,36.753544,-121.388951,50,,San Benito,San Benito,,,,50,,,,
Enz Vineyards,1781 Limekiln Rd. Hollister,Hollister,CA,95023,wine,50,Chris,,Kenneth,,,,,36.68546,-121.363095,50,,San Benito,San Benito,,,,50,,,,
Guerra Family Cellars,500 John Smith Rd,Hollister,CA,95023,wine,50,Chris,`,,,y,,,36.83204,-121.352939,50,,San Benito,San Benito,,,,50,,,,
Leal Winery,300 Maranatha Dr. Hollister,Hollister,CA,95023,wine,50,Chris,,Owie,,,,,36.826476,-121.358809,50,,San Benito,San Benito,,,,50,,,,
MJA Vineyards,328 Ingalls St,Santa Cruz,CA,95060,wine,15,Chris,,,,,,,36.959064,-122.047104,15,,Santa Cruz,Westside,,,,15,,,,
Pietra Santa Winery,10034 Cienega Rd. Hollister,Hollister,CA,95023,wine,50,Chris,,Jayme,,,,,36.747406,-121.391528,50,,San Benito,San Benito,,,,50,,,,
Teague Wines,1152 Little River Dr. Hollister,Hollister,CA,95023,wine,50,Chris,Leave at house,,,,,,36.930831,-121.354057,50,,San Benito,San Benito,,,,50,,,,
Mozaic,110 Church Street,Santa Cruz,CA,95060,dining,20,Kate,,Jay,,,y,,36.974599,-122.027111,,,Santa Cruz,Santa Cruz,,,,20,,,,
Pono Island Grill,120 Union St,Santa Cruz,CA,95060,dining,20,Kate,,,,,y,,36.975803,-122.028381,,,Santa Cruz,Santa Cruz,,,,15,,,,
Scopazzi's,"13300 Big Basin Way,",Boulder Creek,CA,95006,dining,15,Kate,,,,,n,,37.12505,-122.124237,,,Santa Cruz,Boulder Creek,,,,15,,,,
Ristorante Casa Nostra,9217 CA-9,Ben Lomond,CA,95006,eating,20,Kate,,,,,y,,37.087349,-122.088784,,,Santa Cruz,Ben Lomond,,,,15,,,,
Food Lounge,1001 Center St #1,Santa Cruz,CA,95060,food,25,Kate,,Andrea,,,y,Y,36.976024,-122.029061,,,Santa Cruz,Santa Cruz,,,,25,,,,
Post Office ,11 Vía Contenta,Carmel Valley ,CA,93924,post office,50,Kate,,,,,n,,36.479593,-121.727972,0,,Monterey ,Carmel Valley ,,,50,,,,,
Big Sur Bakery,47540 California 1, Big Sur,CA,93920,bakery,50,Katie,,,,,n,,36.235683,-121.769104,50,,Monterey,Big Sur,,,50,50,,,,
Lafayette Bakery,3659 The Barnyard Suite E22, Carmel,CA,93923,bakery,50,Katie,,,,,y,,36.5408559,-121.9071621,50,,Monterey,Carmel - Mouth,,,47,50,,,,
Nothing Bundt Cakes,102 Crossroads Blvd, Carmel,CA,93923,bakery,25,Katie,"pending
",,,,n,,36.538002,-121.909189,25,,Monterey,Carmel - Mouth,,,25,25,,,,
CV Roast Co.-Mid-Valley,319 Mid-Valley Center, Carmel,CA,93923,coffee,50,Katie,,,,,n,,36.5233813,-121.809403,30,,Monterey,Carmel Valley,,,50,30,,,,
CV Roast-Ocean,Ocean Ave., Carmel,CA,93923,coffee,50,Katie,,,,,y,,36.555102,-121.917141,50,,Monterey,Carmel - Mouth,,,47,50,,,,
CV Roasting-Barnyard,3720 The Barnyard, Carmel,CA,93923,coffee,50,Katie,,,,,y,,36.5407687,-121.9071756,64,,Monterey,Carmel - Mouth,,,60,64,,,,
Affina Food & Wine,6th Avenue, Carmel,CA,93923,dining,,Katie,,,,,n,Y,36.55571,-121.919591,64,,Monterey,Carmel,,,63,64,,,,
Basil's Seasonal DIning,San Carlos St, Carmel,CA,93923,dining,150,Katie,,Soerke,,,y,Y,36.5569,-121.9218216,128,,Monterey,Carmel,,,47,128,,,,
La Balena,Junipero St, Carmel,CA,93923,dining,100,Katie,,Anna/Emanuele,,,y,Y,36.5640488,-121.9200821,64,,Monterey,Carmel,,,47,64,,,,
Nepenthe,48510 California 1, Big Sur,CA,93920,dining,50,Katie,,,,,n,,36.221889,-121.759155,50,,Monterey,Big Sur,,,50,50,,,,
Quail Lodge and Golf (Edgar's Restuarant and the lodge itself),8205 Valley Greens Drive, Carmel,CA,93923,dining,150,Katie,"two cases to the attention of Max Schroeder and 1 to the restaurant, Edgar's ",,,,,Y,36.532395,-121.850969,192,,Monterey ,Carmel,,,150,192,,,,
Rocky Point Restaurant,36700 California 1, Carmel,CA,93923,dining,150,Katie,,,,,n,Y,36.403018,-121.909468,0,,Monterey,Big Sur,,,150,150,,,,
Will's Fargo Steakhouse & Bar,Will's Fargo Steakhouse & Bar, Carmel Valley,CA,93924,dining,??,Katie,,,,,,Y,36.479533,-121.732014,30,,Monterey,Carmel Valley,,,,30,,,,
BIG SUR ROADHOUSE,47080 California 1, Big Sur,CA,93920,eating,50,Katie,"Delivery ALL boxes on first run, Big Sur run = 6 hrs",,,,n,,36.26442,-121.800682,50,,Monterey,Big Sur,,,50,50,,,,
Earthbound Farm Stand,7250 Carmel Valley Rd, Carmel,CA,93923,farm,600,Katie,,,,,y,Y,36.5334014,-121.8471082,320,0,Monterey,Carmel,,,141,192,128,,,
Serendipity Farms,Carmel Farmers Market-San Carlos St., Carmel,CA,93923,farm,50,Katie,thurs market,,,,y,,36.5569,-121.9218216,0,,Monterey,Carmel,,,47,,,,,
Carmel Farmers Market,Mission St. and Ocean Ave,Carmel,CA,93923,farmers market,50,Katie,Market on Thur. Afternoon,Jan/Coleen,,,n,,36.555237,-121.920788,0,,Monterey,Carmel,,,94,,,,,
Lula's Chocolates,244 Crossroads Blvd,Carmel,CA,93923,food,50,Katie,2 Locations,,(831) 626-3327,,y,,36.536813,-121.908948,30,,Monterey,Carmel,,,,30,,,,
Quail & Olive,3 Pilot Rd, Carmel Valley,CA,93924,food,50,Katie,,Deb,,,n,Y,36.48035,-121.7343226,64,0,Monterey,Carmel Valley,,,50,64,,,,
Griggs Nursery ,9220 Carmel Valley Rd, Carmel,CA,93923,garden,50,Katie,,,,y,,,36.525425,-121.814773,50,,Monterey ,Carmel Valley,,,63,50,,,,
Valley Hills Nursery,7440 Carmel Valley Rd., Carmel Valley,CA,93924,garden,50,Katie,,,,y,n,,36.4944382,-121.7468567,25,,Monterey,Carmel Valley,,,47,25,,,,
Carmel Library,Ocean Ave., Carmel,CA,93923,library,100,Katie,,,,,y,,36.5559807,-121.9109116,64,,Monterey,Carmel - ByTheSea,,,47,64,,,,
Carmel Valley Library,65 West Carmel Valley Road, Carmel Valley,CA,93924,library,25,Katie,,,,,,,36.480493,-121.735013,30,,Monterey ,Carmel Valley,,,,30,,,,
Henry Miller Library,48603 California 1, Big Sur,CA,93920,library,50,Katie,,,,,n,,36.220726,-121.753929,50,,Monterey,Big Sur,,,50,50,,,,
Bernardus Lodge,415 W. Carmel Valley Rd.,Carmel Valley,CA,93924,lodging,150,Katie,Leave with housekeeping,,,,n,Y,36.4992931,-121.7540147,150,0,Monterey,Carmel Valley,,,125,150,,,,
Carmel Valley Ranch,One Old Ranch Rd, Carmel,CA,93923,lodging,225,Katie,"4 cases go to the Housekeeping Manager, Laura Uribe, her team puts them in the rooms. They can take them to the loading dock please. Also bring half a case to the concierge.",,,,y,Y,36.5144288,-121.7967946,225,,Monterey,Carmel Valley,,,225,225,,,,
Hyatt Carmel Highlands,120 Highlands Dr, Carmel,CA,93923,lodging,200,Katie,150 hk/1 cs concierge,,,,n,,36.5017057,-121.9370708,200,,Monterey,Big Sur,,,200,200,,,,
New Camaldoli Hermitage,62475 Coast HWY 1 at Lucia, Big Sur,CA,93920,lodging,0,Katie,These go to Ray Davi in Carmel,,,,n,,36.025753,-121.535945,0,,Monterey,Big Sur,,,0,,,,,
Post Ranch Inn (Sierra Mar),47900 State Highway 1, Big Sur,CA,93920,lodging,50,Katie,,,,,n,Y,36.2312202,-121.7702713,50,,Monterey,Big Sur,,,50,50,,,,
Ventana Inn,48123 California 1, Big Sur,CA,93920,lodging,150,Katie,2 HSKP/1 R,,,,n,,36.228123,-121.760437,150,,Monterey,Big Sur,,,150,150, ,,,
Cornucopia Market,26135 Carmel Rancho Blvd, Carmel,CA,93923,market,50,Katie,,Kari,,,y,,36.5414619,-121.9044342,64,,Monterey,Carmel,,,47,64,,,,
Nielsen's Market,San Carlos St, Carmel-by-the-Sea,CA,93921,market,50,Katie,,,,,,,36.55385,-121.921528,0,,Monterey,"Carmel
",,,,0,,,,
Valley Hills Deli,7174 Carmel Valley Rd, Carmel,CA,93923,market,50,Katie,,,,,y,,36.5338902,-121.8492405,50,,Monterey,Carmel - Mouth,,,47,50,,,,
"Complete Mailing Service, Inc.",108 Dubois Street,Santa Cruz,CA,95060,other,455,Katie,"Bulk Mail delivery service, part of initial delivery ",,,,n,,36.985114,-122.039379,600,,Santa Cruz,Santa Cruz,,,455,600,,,,
CV Business Center,13766 Center St.,Carmel Valley,CA,93924,other,25,Katie,,,,,n,,36.478458,-121.732124,25,,Monterey,Carmel Valley,,,25,25,,,,
Kenneth Chrisman Construction,8730 Carmel Valley Road, Carmel,CA,93923,other,10,Katie,,,,,,Y,36.529024,-121.822374,0,,Monterey,Carmel,,,10,-,,,,
Carmel Reality,Dolores Street South ,Monterey ,CA,93940,reality,25,Katie,should we deliver to all 4 locations? YES,,,,,,36.553489,-121.922672,0,,Monterey,Monterey ,,,,,,,,
Tina Adams Real Estate-,"26135 Carmel Rancho Blvd, Ste E105",Carmel Valley,CA,93924,reality,??,Katie,lobby copies?,,,,n,Y,36.4939499,-121.7468185,0,,Monterey,Carmel Valley,,,,,,,,
Carmel Kitchens & Bath,26386 Carmel Rancho Ln Ste 104, Carmel,CA,93923,retail,50,Katie,,,,,n,Y,36.5405669,-121.9058432,64,,Monterey,Carmel,,,50,64,,,,
Carmel Valley Video,10 E Carmel Valley Rd, Carmel Valley,CA,93924,retail,50,Katie,,,,,n,,36.4785576,-121.729187,0,,Monterey,Carmel Valley,,,,,,,,
O Salon,139 Crossroads Blvd, Carmel,CA,93923,service,33,Katie,"pending
may not display",,,,n,,36.537666,-121.909122,25,,Monterey,Carmel - Mouth,,,25,25,,,,
Albatross Ridge Tasting Room,Mission St. Ocean and 7,Carmel - By-The-Sea,CA,93921,wine,50,Katie,,,,,n,Y,36.554676,-121.920925,30,,Monterey,Carmel - ByTheSea,,,30,30,,,,
Beauregard Vineyards,10 Pine Flat, Santa Cruz,CA,95060,wine,50,Katie,,,,,,Y,37.04221,-122.15064,0,,Santa Cruz,Bonny Doon,,,,,,,,
Bernardus Tasting room,5 W. Carmel Valley Rd, Carmel ,CA,93923,wine,50,Katie,,,,,n,Y,36.4790102,-121.7308478,85,0,Monterey,Carmel Valley,,,50,85,,,,
Bunter Spring Winery,"9 DelFino Place, Ste 102",Carmel Valley,CA,93924,wine,25,Katie,,,,,,Y,36.480706,-121.733014,12,,Monterey ,Carmel Valley,,,,12,,,,
Chesebro Wines,"19 East Carmel Valley Road, Suite D",Carmel Valley,CA,93924,wine,25,Katie,,,,,n,Y,36.4779527,-121.7288791,25,15,Monterey,Carmel Valley,,,25,25,,,,
Cima Collina Tasting Room,19 E Carmel Valley Rd, Carmel Valley,CA,93924,wine,25,Katie,,Jane,,,n,Y,36.4779527,-121.7288791,64,10,Monterey,Carmel Valley,,,50,64,,,,
Coastview Winery  ,19 E Carmel Valley Rd, Carmel Valley,CA,93924,wine,25,Katie,,Lori,,,,Y,36.477998,-121.728979,50,,Monterey,Carmel Valley,,,,50,,,,
Folktale Winery,8940 Carmel Valley Rd, Carmel,CA,93923,wine,50,Katie,,,,,n,,36.5288081,-121.8198301,50,,Monterey,Carmel Valley,,,50,50,,,,
Holman Tasting Room,19 E. Carmel Valley Road, Carmel Valley,CA,93924,wine,50,Katie,,Nick,,,n,Y,36.4779527,-121.7288791,64,,Monterey,Carmel Valley,,,50,64,,,,
Idle Hour Winery,9 Del Fino Pl, Carmel Valley,CA,93924,wine,25,Katie,,Anna Marie,,,,Y,36.480577,-121.732883,50,,Monterey,Carmel Valley,,,,50,,,,
Jarman Tasting Room,18 W. Carmel Valley Road, Carmel Valley,CA,93924,wine,25,Katie,,,,,,Y,36.479213,-121.732012,25,,Monterey,Carmel Valley,,,,25,,,,
Joullian Vineyard ,2 Village Dr., Carmel Valley,CA,93924,wine,25,Katie,,Hal,,,,Y,36.479383,-121.733056,50,,Monterey,Carmel Valley,,,,50,,,,
Joyce vineyards ,19 E Carmel Valley Rd, Carmel Valley,CA,93924,wine,25,Katie,,Russell,,,,Y,36.478026,-121.729068,50,,Monterey,Carmel Valley,,,,50,,,,
Mercy Winery ,40 W Carmel Valley Rd, Carmel Valley,CA,93924,wine,25,Katie,,Mike Kohne,,,,Y,36.48006,-121.733362,0,,Monterey,Carmel Valley,,,,,,,,
Scheid Tasting Room,SAN CARLOS & 7,Carmel,CA,93923,wine,50,Katie,check w/Stefani,,,,n,Y,36.5537902,-121.9218298,64,,Monterey,Carmel,,,47,64,,,,
Windy Oaks,Su Vecino Court,Carmel,CA,93923,wine,25,Katie,,,,,,Y,36.556352,-121.921835,20,,Monterey,Carmel,,,25,20,,,,
Bruno's,Junipero St, Carmel-by-the-Sea,CA,93921,xxx,25,Katie,,,,,,,36.555987,-121.919886,0,,Monterey,"Carmel
",,,,0,,,,
Carmel Belle,"Doud Craft Studios,, San Carlos St",Carmel,CA,93923,xxx,100,Katie,,,,,y,Y,36.5630989,-121.9218826,192,,Monterey,Carmel,,,47,192,,,,
Deetjen's,48865 California 1, Big Sur,CA,93920,xxx,50,Katie,,,,,n,,36.218372,-121.748192,50,,Monterey,Big Sur,,,50,50,,,,
EcoCarmel,San Carlos St, Carmel,CA,93923,xxx,150,Katie,,Kristi,,y,y,,36.5630989,-121.9218826,130,,Monterey,Carmel,,,94,130,,,,
Four Hundred Degree,"Carmel Plaza, Mission St.",Carmel - By-The-Sea,CA,93921,xxx,25,Katie,,,,,n,,36.5394592,-121.9055786,0,,Monterey,Carmel - ByTheSea,,,30,,,,,
Heller,69 W Carmel Valley Rd, Carmel Valley,CA,93924,xxx,50,Katie,,Mary,,,n,,36.4808807,-121.7353134,50,,Monterey,Carmel Valley,,,50,50,,,,
Il Grillo,10 Mission Street, Carmel,CA,93923,xxx,50,Katie,,,,,,Y,36.557243,-121.920924,64,,Monterey,Carmel,,,50,64,,,,
L' Aubergine Carmel,Montee Verde, Carmel,CA,93923,xxx,50,Katie,,,,,n,Y,36.5501099,-121.9243774,30,,Monterey,Carmel - ByTheSea,,,30,30,,,,
Lokal,13762 Center St, Carmel Valley,CA,93924,xxx,50,Katie,,,,,n,Y,36.4787574,-121.7321319,64,,Monterey,Carmel Valley,,,,64,,,,
Madrigal,"7th Ave. @ Ocean, Carmel Plaza",Carmel,CA,93923,xxx,50,Katie,,,,,n,Y,36.554232,-121.920866,30,,Monterey,Carmel,,,50,30,,,,
Mundaka,7th AVE San Carlos St, Carmel,CA,93923,xxx,50,Katie,,,,,y,,36.5394592,-121.9055786,50,,Monterey,Carmel,,,47,50,,,,
Parsonage,19 E Carmel Valley Rd, Carmel Valley,CA,93924,xxx,25,Katie,,,,,n,Y,36.4779527,-121.7288791,64,15,Monterey,Carmel Valley,,,50,64,,,,
Salumeria Luca,Dolores St., Carmel,CA,93923,xxx,50,Katie,,,,,n,,36.564209,-121.9226608,30,,Monterey,Carmel - ByTheSea,,,30,30,,,,
St. D Church,28005 Robinson Canyon Rd., Carmel,CA,93923,xxx,50,Katie,,,,,n,,36.5202559,-121.8061783,50,,Monterey,Carmel Valley,,,50,50,,,,
Talbott,25 Pilot Rd., Carmel Valley,CA,93924,xxx,100,Katie,,,,,n,Y,36.4813491,-121.7333537,128,0,Monterey,Carmel Valley,,,100,128,,,,
Tancredi & Morgan,7174 Carmel Valley Rd, Carmel,CA,93923,xxx,50,Katie,,,,,n,,36.5338902,-121.8492405,30,,Monterey,Carmel - Mouth,,,47,30,,,,
Trio Carmel,Dolores St, Carmel,CA,93923,xxx,10,Katie,,Karl/Charlotte,,,n,,36.5556602,-121.9226837,20,,Monterey,Carmel,,,10,20,,,,
Tularcitos,35 Ford Rd., Carmel Valley,CA,93924,xxx,50,Katie,,,,,n,,36.4837919,-121.7353774,64,0,Monterey,Carmel Valley,,,50,64,,,,
Wild Goose,18 E. Carmel Valley Rd, Carmel Valley,CA,93924,xxx,25,Katie,,,,,n,,36.4782015,-121.7292465,0,,Monterey,Carmel Valley,,,,,,,,
Monterey Regional Airport,100 Sky Park Dr,Monterey,CA,93940,airport,33,Mick,restaurant & baggage area,,,,,,36.587228,-121.850523,,,Monterey ,Monterey,,,,,,,,
Ashby Confections,16 C Victor Square, Scotts Valley,CA,95066,bakery,25,Mick,,Jennifer,,,n,,37.059354,-122.007736,20,,Santa Cruz,Scotts Valley,,,30,20,,,,
Bakery Station,202 Monterey Street, Salinas,CA,93901,bakery,50,Mick,,,,,y,Y,36.675619,-121.654114,64,,Monterey,Salinas,,,47,64,,,,
Companion Bakery,2341 Mission St, Santa Cruz,CA,95060,bakery,75,Mick,1 1/2 box to start,Erin,,,n,,36.961182,-122.047487,65,,Santa Cruz,Westside,,,47,65,,,,
Gayle's Bakery,504 Bay Ave, Capitola,CA,95010,bakery,100,Mick,,,,,n,,36.978638,-121.952499,64,,Santa Cruz,Capitola,,,47,64,,,,
Just Cake,712 Capitola Ave, Capitola,CA,95010,bakery,15,Mick,,,,y,n,,36.979643,-121.952901,0,,Santa Cruz,Capitola,,,,,,,,
Parker-Lusseau Pastries,731 Munras Avenue, Monterey,CA,93940,bakery,50,Mick,old adobe building,,,,n,,36.594749,-121.893174,50,,Monterey,Monterey,,,50,50,,,,
Pavel's Bakerei,219 Forest Ave, Pacific Grove,CA,93950,bakery,50,Mick,,,,,n,,36.6201553,-121.9180069,30,,Monterey,Pacific Grove,,,50,30,,,,
The Buttery,702 Soquel Ave. Santa Cruz,Santa Cruz,CA,95062,bakery,150,Mick,,Janet,,,y,Y,36.976985,-122.015749,90,,Santa Cruz,Santa Cruz,,,47,90,,,,
SC County Bank,720 Front St, Santa Cruz,CA,95060,bank,25,Mick,connect with personal banker,,,,n,Y,36.975052,-122.025009,0,,Santa Cruz,Santa Cruz,,,30,,,,,
SC County Bank,819 Bay Ave. Capitola,Capitola,CA,95010,bank,25,Mick,,,,,n,Y,36.980967,-121.955442,25,,Santa Cruz,Capitola,,,,25,,,,
SC County Bank,4604 Scotts Valley Dr.,Scotts Valley,CA,95066,bank,25,Mick,,,,,n,Y,37.04884,-122.015511,25,,Santa Cruz,Scotts Valley,,,,25,,,,
Art Bar,1050 River St #118,Santa Cruz,CA,95059,bar,25,Mick,,Kevin,,,n,,36.98753,-122.030216,0,,Santa Cruz,Santa Cruz,,,,,,,,
Bocci's Cellar,140 Encinal St, Santa Cruz,CA,95060,bar,25,Mick,,,,,y,,36.986874,-122.031929,0,,Santa Cruz,Santa Cruz,,,,,,,,
Alvarado St. Brewing,426 Alvarado Street, Monterey,CA,93940,beer,50,Mick,,,,,n,,36.599312,-121.894882,64,,Monterey,Monterey,,,47,64,,,,
Bottoms Up Brew Supply,1143 Echo Ave #2, Seaside,CA,93955,beer,10,Mick,,,,,n,,36.6143074,-121.841835,0,,Monterey,Seaside,,,,,,,,
Cannery Row Brewing Co.,95 Prescott Ave., Monterey,CA,93940,beer,50,Mick,,,,,n,,36.6156346,-121.9008677,0,,Monterey,Monterey,,,,,,,,
English Ales,223A Reindollar Ave., Marina,CA,93933,beer,10,Mick,asked for very few,Karen/Peter,,,n,,36.680191,-121.803635,0,,Monterey,Marina,,,,,,,,
Growers Pub,227 Monterey St, Salinas,CA,93901,beer,25,Mick,,Dawn,,,n,,36.674503,-121.6537625,0,,Monterey,Salinas,,,,,,,,
New Bohemia Brewing Co.,1030 41st Ave, Santa Cruz,CA,95060,beer,50,Mick,,,,,,Y,36.966611,-121.964804,30,,Santa Cruz,Santa Cruz,,,,30,,,,
Peter B's Brewpub,2 Portola Plaza, Monterey,CA,93940,beer,50,Mick,,,,,,Y,36.601306,-121.894459,0,,Monterey,Monterey,,,,,,,,
SC Mountain Brewery,402 Ingalls St. Ste.,Santa Cruz,CA,95060,beer,50,Mick,,Emily,,,n,Y,36.958935,-122.048477,30,,Santa Cruz,Westside,,,,30,,,,
West End Tap,3340 Ingalls St.,Santa Cruz,CA,95060,beer,50,Mick,,Jeremy,,,n,,36.95929,-122.044762,65,,Santa Cruz,Westside,,,47,65,,,,
Bookshop S.C.,1520 Pacific Ave, Santa Cruz,CA,95060,bookstore,50,Mick,,,,,n,,36.97559,-122.026558,25,,Santa Cruz,Santa Cruz,,,30,25,,,,
Logo's Books,1117 Pacific Ave.,Santa Cruz,CA,95060,bookstore,50,Mick,,,,,n,,36.972207,-122.025675,0,,Santa Cruz,Santa Cruz,,,,,,,,
Midtown Cafe,1121 Soquel Ave, Santa Cruz,CA,95062,cafe,50,Mick,,Zack,,,y,,36.979337,-122.011577,0,,Santa Cruz,Santa Cruz,,,47,,,,,
Sweet Elena's,465 Olympia Ave, Sand City,CA,93955,cafe,50,Mick,,,,,n,,36.610122,-121.8526999,30,,Monterey,Seaside,,,50,30,,,,
Wild Thyme Deli & Cafe,445 Reservation Rd, Marina,CA,93933,cafe,100,Mick,leave 3,Terry,,,n,Y,36.6794021,-121.7822671,135,,Monterey,Marina,,,94,135,,,,
Bright Coffee/Lilify,281 Lighthouse Ave, Monterey,CA,93940,coffee,50,Mick,,,,,y,,36.6102371,-121.8993073,50,,Monterey,Monterey,,,47,50,,,,
Coffee Nine,9505 State Route 9, Ben Lomond,CA,95005,coffee,25,Mick,,,,,y,,37.089478,-122.090485,0,,Santa Cruz,Santa Cruz Mntns,,,25,,,,,
Coffeetopia/Westside,1723 Mission Street, Santa Cruz,CA,95060,coffee,25,Mick,,,,,,Y,36.964942,-122.041613,50,,Santa Cruz,Santa Cruz,,,,50,,,,
Coffietopia/Live Oak,1443 Capitola Road, Santa Cruz,CA,95062,coffee,25,Mick,,,,,,Y,36.976472,-121.985051,25,,Santa Cruz,Santa Cruz,,,,25,,,,
Coffietopia/Portola,3701 Portola Drive, Santa Cruz,CA,95062,coffee,25,Mick,,,,,,Y,36.963611,-121.968385,50,,Santa Cruz,Santa Cruz,,,,50,,,,
CV Roasting-Lighthouse,510 Lighthouse Ave., Pacific Grove,CA,93950,coffee,50,Mick,,,,,y,,36.6204796,-121.9157715,50,,Monterey,Pacific Grove,,,47,50,,,,
East Village Coffee Lounge,498 Washington St, Monterey,CA,93940,coffee,25,Mick,"outside, no inside",,,,y,,36.5984228,-121.8929565,0,,Monterey,Monterey,,,30,,,,,
Pacific Roasting Company,"Aptos Center Shopping Center, 7554 Soquel Dr",Santa Cruz,CA,95060,coffee,100,Mick,,,,,y,,36.981462,-121.910117,0,,Santa Cruz,Santa Cruz,,,,,,,,
Bauman College,3912 Portola Dr.,Santa Cruz,CA,95059,college,25,Mick,,,,,n,,36.962761,-121.965477,25,,Santa Cruz,Santa Cruz,,,30,25,,,,
Assembly,1108 Pacific Ave, Santa Cruz,CA,95060,dining,15,Mick,Copies for foodies,,,,,Y,36.972045,-122.025473,5,,Santa Cruz,Santa Cruz,,,,5,,,,
Chaminade Restaurant,1 Chaminade Ln, Santa Cruz,CA,95065,dining,50,Mick,,,,,n,,36.998913,-121.984795,0,,Santa Cruz,Santa Cruz,,,47,,,,,
Charlie Hong Kong,1141 Soquel Ave, Santa Cruz,CA,95062,dining,600,Mick,,Carolyn,100,,y,Y,36.979604,-122.011081,390,,Santa Cruz,Seabright,,,94,130,130,130,,
Cremer House,6256 Highway 9, Felton,CA,95018,dining,50,Mick,,,,,,Y,37.052651,-122.072618,25,,Santa Cruz,Felton,,,,25,,,,
Food Lounge/Montari,1001 Center St, Santa Cruz,CA,95060,dining,50,Mick,,Andrea,,,,,36.976034,-122.029181,110,,Santa Cruz,"Santa Cruz
",,,,90,20,,,
Haute Enchilada,7902 Moss Landing Rd, Moss Landing,CA,95039,dining,200,Mick,,Kim,,,y,Y,36.7987747,-121.7863617,260,,Monterey,Moss Landing,,,94,130,130,,,
Hollin's House,20 Clubhouse Rd, Santa Cruz,CA,95060,dining,25,Mick,Pasatiempo,,,,n,,37.004417,-122.024765,0,,Santa Cruz,Santa Cruz Mntns,,,,,,,,
Jack's Restaurant & Lounge,"Portola Hotel & Spa, 2 Portola Plaza",Monterey,CA,93940,dining,50,Mick,,,,,,Y,36.601306,-121.894459,0,,Monterey,Monterey,,,,,,,,
Johnny's Harborside,493 Lake Ave.,Santa Cruz,CA,95062,dining,50,Mick,,Sheri,,,n,,36.966896,-122.002022,25,,Santa Cruz,Seabright,,,50,25,,,,
La Posta,538 Seabright Ave.,Santa Cruz,CA,95062,dining,10,Mick,,Patrice,,,n,Y,36.968197,-122.007469,0,,Santa Cruz,Seabright,,,20,,,,,
LouLou's Griddle,Municipal Wharf 2, Monterey,CA,93940,dining,25,Mick,,,,,n,,36.602231,-121.889755,0,,Monterey,Monterey,,,,,,,,
Lupulo,233 Cathcart St., Santa Cruz,CA,95060,dining,50,Mick,,Stuyvie,,y,n,,36.971572,-122.025776,64,,Santa Cruz,Santa Cruz,,,47,64,,,,
Olitas,49 Municipal Wharf, Santa Cruz,CA,95060,dining,30,Mick,,Steve,,,n,,36.961693,-122.022323,0,,Santa Cruz,Santa Cruz,,,,,,,,
Restaurant 1833,500 Hartnell Street, Monterey,CA,93940,dining,25,Mick,,,,,,Y,36.596697,-121.896139,50,,Monterey,Monterey,,,30,50,,,,
Ristorante Avanti,1917 Mission St,Santa Cruz,CA,95060,dining,100,Mick,,Paul/ Cindy,,y,n,Y,36.963181,-122.04258,64,,Santa Cruz,Westside,,,50,64,,,,
Rosie McCann's,1220 Pacific Avenue, Santa Cruz,CA,95060,dining,50,Mick,,,,,n,Y,36.973499,-122.025886,50,,Santa Cruz,Santa Cruz,,,50,50,,,,
Whole Enchilada,7902 California Highway 1,Moss Landing,CA,95039,dining,100,Mick,,,,,y,,36.798359,-121.783966,64,,Monterey,Moss Landing,,,47,64,,,,
Boardwalk Sub Shop,470 Alvarado Street,Monterey,CA,93940,eating,33,Mick,,,,,,Y,36.598282,-121.894792,0,,Monterey,Monterey,,,,,,,,
Cindy's Waterfront Restaurant & Cafe/Monterey Bay Aquarium,886 Cannery Row, Monterey,CA,93940,eating,33,Mick,,,,,,Y,36.617438,-121.901382,0,,Monterey,Monterey,,,,,,,,
Paraiso,38060 Paraiso Springs Road, Soledad,CA,93960,eating,50,Mick,,,,,n,,36.3626137,-121.3536606,50,,Monterey,River Road,,,84,50,,,,
Passionfish,701 Lighthouse Ave, Pacific Grove,CA,93950,eating,15,Mick,,,,,n,Y,36.6222992,-121.9211197,25,,Monterey,Pacific Grove,,,15,25,,,,
Point Pinos Grill,79 Asilomar Blvd, Pacific Grove,CA,93950,eating,150,Mick,they go thru alot,Diane,,,y,Y,36.6339447,-121.9318975,128,,Monterey,Pacific Grove,,,100,128,,,,
EcoFarm Conference 2016,800 Asilomar Ave, Pacific Grove,CA,93950,event,0,Mick,"Jan 19-23, 2016",,,,,Y,36.619213,-121.937356,0,,Monterey,Event,,,,,,,,
Everyone's Harvest,PO Box 1423, Marina,CA,93933,farm,200,Mick,meet at Pacific Grove Farmers Market om Mondays,,,,y,,36.6973381,-121.7948914,0,,Monterey,Pacific Grove,,,200,,,,,
Farm Fuel Inc.,621 Fairmount Ave. Santa Cruz,Santa Cruz,CA,95062,farm,25,Mick,"off Morissey, leave on front porch of home",Ellen,,,n,Y,36.986538,-122.000977,0,,Santa Cruz,Seabright,,,,,,,,
Fogline Farms at MPC Farmers Markets,7447 Glen Haven Rd,Soquel ,CA,95073,farm,15,Mick,,,,,,,37.024382,-121.932829,25,,Santa Cruz,Aptos ,,,,25,,,,
Homeless Garden Project,30 West Cliff Dr., Santa Cruz,CA,95060,farm,50,Mick,Christmas Store,Darrie,,,n,,36.964397,-122.025952,0,,Santa Cruz,Santa Cruz,,,,,,,,
Love Apple Farm,2317 Vine Hill Rd, Santa Cruz,CA,95065,farm,15,Mick,,Katherine,,,n,,37.074623,-121.980362,0,,Santa Cruz,Santa Cruz Mntns,,,,,,,,
P-L-Ryan Ranch,"40 Ragsdale Dr, Ste 100",Monterey,CA,93940,farm,33,Mick,,see Hartnell,,,n,,36.5776024,-121.8215256,0,,Monterey,Monterey,,,,,,,,
Route 1 Farms,1305 Fair Ave. #2,Santa Cruz,CA,95060,farm,100,Mick,,Jasmine,,y,n,,36.960667,-122.0466,130,,Santa Cruz,Westside,,,100,130,,,,
Stewart & Jasper Orchards,Monterey Plaza Hotel-400 Cannery Row, Monterey,CA,93940,farm,50,Mick,,,,,n,Y,36.6124132,-121.8981432,64,,Monterey,Monterey,,,47,64,,,,
Farm House Frosting,109 Locust St. Santa Cruz,Santa Cruz,CA,95060,food,50,Mick,one case at beginning,Carren,,,n,,36.975238,-122.026761,0,,Santa Cruz,Santa Cruz,,,47,,,,,
Foodsmith,2800 S Rodeo Gulch Rd, Santa Cruz,CA,95062,food,50,Mick,,Jamie 480-2345,,,n,,36.98275,-121.969482,0,,Santa Cruz,Santa Cruz,,,47,,,,,
Francesca's Fresh,9621 Citation Ct, Monterey,CA,93940,food,50,Mick,,,,,n,,36.5728416,-121.8070831,0,,Monterey,Monterey,,,,,,,,
Happy Girl Kitchen,173 Central Ave, Pacific Grove,CA,93950,food,600,Mick,,Jordan/Todd,,,y,Y,36.6184654,-121.9065323,256,,Monterey,Pacific Grove,,,150,256,,,,
Monterey Abalone,160 Municip,Monterey,CA,93940,food,64,Mick,,,,,n,,36.605035,-121.889447,64,,Monterey,Monterey,,,25,64,,,,
MRWMD Organics to Energy Program,14201 DelMonte Blvd, Marina,CA,93933,food,25,Mick,,,,,,Y,36.71415,-121.770178,0,,,Marina,,,,,,,,
Real Good Fish,7532 sandholdt rd. suite 5b moss lan,Moss landing,CA,95039,food,100,Mick,,Alan Lovewell,,,n,Y,36.6130943,-121.9119797,130,,Monterey,Moss landing,,,100,130,,,,
Slow Food/CCOF office,2155 Delaware Ave, Santa Cruz,CA,95060,food,10,Mick,,,,,n,,36.954475,-122.053207,0,,Santa Cruz,Santa Cruz,,,,,,,,
Tassajara Natural meats,930 Fremont Blvd., Monterey,CA,93940,food,25,Mick,MPC Market,Mark Shelley,,,n,,36.5943331,-121.8857957,0,,Monterey,Monterey,,,,,,,,
Bokay Nursery,30 Hitchcock Rd.,Salinas,CA,93908,garden,25,Mick,,,,,n,,36.646244,-121.6665421,50,,Monterey,Salinas,,,47,50,,,,
DIG Gardens,420 Water St, Santa Cruz,CA,95060,garden,50,Mick,,Cara,,,n,Y,36.979546,-122.020363,64,,Santa Cruz,Santa Cruz,,,47,64,,,,
Drought Resistant Nursery,"10 Scarlett Rd,",Carmel Valley,CA,93924,garden,25,Mick,Have been deliverying,,,y,,,36.519982,-121.791866,40,,,,,,,40,,,,
San Lorenzo Garden Center,235 River St,Santa Cruz,CA,95060,garden,50,Mick,,,,y,,,36.979796,-122.028737,0,,Santa Cruz,Santa Cruz,,,,,,,,
The Plant Works,7945 Highway 9,Santa Cruz,CA,95060,garden,25,Mick,,,,,n,,37.072071,-122.084541,0,,Santa Cruz,Santa Cruz Mntns,,,47,,,,,
5 Branches Institute,200 7th Ave, Santa Cruz,CA,95062,health,25,Mick,,,,,n,,36.964154,-121.998233,0,,Santa Cruz,Santa Cruz,,,,,,,,
Elite Fitness,5276 Scott's Valley Dr.,Scotts Valley,CA,95066,health,25,Mick,,,,,n,,37.05753,-122.010912,0,,Santa Cruz,"Santa Cruz - Mountans
",,,,,,,,
Health & Water Store,1180 Forest Ave., Pacific Grove,CA,93950,health,50,Mick,,Lisa Fritz,,y,n,,36.6057272,-121.9214134,30,,Monterey,Pacific Grove,,,47,30,,,,
Network Chiropractic Wellness Center,149 Josephine St. Suite A Santa Cruz,Santa Cruz,CA,95060,health,15,Mick,,Sarah,831-459-8434,,,,36.981684,-122.02852,0,,Santa Cruz,Santa Cruz,,,,,,,,
Portola Hotel & Spa,2 Portola Plaza, Monterey,CA,93940,health,400,Mick,"concierge & rooms 379, Mark each box ""Portola Hotel Housekeeping"" and text Jackie Olsen when they arrive. ",,,,n,Y,36.601799,-121.8951492,400,,Monterey,Monterey,,,400,400,,,,
Rector Chiropractic,2511 Garden Rd c100, Monterey,CA,93940,health,15,Mick,,,,,n,,36.586586,-121.8529892,0,,Monterey,Monterey,,,25,,,,,
The WellNest Skin & Body,240 Main St, Salinas,CA,93901,health,15,Mick,,,,,,Y,36.674605,-121.655076,15,,Monterey,Salinas,,,15,15,,,,
Kai Lee Creamery,125 Ocean View Blvd #128, Pacific Grove,CA,93950,ice cream,50,Mick,please deliver here,,,,n,,36.6185964,-121.9036887,0,,Monterey,Pacific Grove,,,47,,,,,
Penny Ice Creamery,913 Cedar St, Santa Cruz,CA,95060,ice cream,150,Mick,,Zach/Evan,,,y,Y,36.974754,-122.027809,194,,Santa Cruz,Santa Cruz,,,80,130,64,,,
Penny Ice Creamery,820 41st Avenue, Santa Cruz,CA,95062,ice cream,150,Mick,,Zach/Evan,50,,y,Y,36.963862,-121.964845,130,,Santa Cruz,Capitola,,,47,130,,,,
"Harrison Memorial Library, Carmel",Ocean Ave,Carmel-By-The-Sea,CA,93921,library,33,Mick,include most branches,,,,,,36.555184,-121.923306,,,,,,,,,,,,
Monterey library,625 Pacific Street, Monterey,CA,93940,library,50,Mick,"
",,,,,,36.596442,-121.897102,,,Monterey,Monterey,,,,,,,,
Pacific Grove Library,550 Central Ave, Pacific Grove,CA,93950,library,50,Mick,,,,,n,,36.6220699,-121.9164024,0,,Monterey,Pacific Grove,,,,,,,,
Santa Cruz Library - Aptos,7695 Soquel Dr,Santa Cruz,CA,95060,library,50,Mick,"
",,,,,,36.980815,-121.909123,0,,Santa Cruz,Santa Cruz,,,,,,,,
Santa Cruz Library - Branciforte,230 Gault St,Santa Cruz,CA,95060,library,50,Mick,"
",,,,,,36.979369,-122.007436,0,,Santa Cruz,Santa Cruz,,,,,,,,
Santa Cruz Library - Capitola,2005 Wharf Road,Capitola,CA,95010,library,50,Mick,"
",,,,,,36.978647,-121.957871,0,,Santa Cruz,Santa Cruz,,,,,,,,
Santa Cruz Library - Downtown,224 Church Street,Santa Cruz,CA,95060,library,50,Mick,"
",,,,,,36.974333,-122.028575,0,,Santa Cruz,Santa Cruz,,,,,,,,
Santa Cruz Library - Live Oak,2380 Portola Dr,Santa Cruz,CA,95060,library,50,Mick,"
",,,,,,36.962913,-121.980736,0,,Santa Cruz,Santa Cruz,,,,,,,,
Santa Cruz Library - Scotts Valley,251 Kings Village Rd,Scotts Valley,CA,95066,library,50,Mick,"
",,,,,,37.049414,-122.028397,0,,Santa Cruz,Santa Cruz,,,,,,,,
P-L-Hartnell,539 Hartnell St, Monterey,CA,93940,libray,33,Mick,,Heather,,,n,,36.5961685,-121.8954926,0,,Monterey,Monterey,,,,,,,,
Inter-Continental,750 Cannery Row, Monterey,CA,93940,lodging,25,Mick,,,,,n,,36.6167437,-121.9008234,30,,Monterey,Monterey,,,,30,,,,
Marriott,1255 41st Ave, Capitola,CA,95010,lodging,25,Mick,half case,Jon,,,y,,36.970013,-121.964971,0,,Santa Cruz,Capitola,,,25,,,,,
Corral Market,2 Corral De Tierra Rd,Salinas,CA,93908,market,50,Mick,,,,,,,36.578442,-121.727481,,,Monterey,River Road,,,50,50,,,,
El Salchichero,402 Ingalls St, Santa Cruz,CA,95060,market,100,Mick,,Chris,,,n,,36.958935,-122.048477,130,,Santa Cruz,Westside,,,47,130,,,,
New Leaf Community Market,150 San Mateo Rd, Half Moon Bay,CA,94019,market,50,Mick,drop off at the home office DT,Lonnie Handel,,,n,,37.468918,-122.43232,0,,Santa Cruz,North Coast,,,47,,,,,
New Leaf Head office,1101 G Cathcart St. Santa Cruz,Santa Cruz,CA,95060,market,10,Mick,only 10 plus case for HMB labeled,Sarah Owens,,,n,,36.971909,-122.024277,0,,Santa Cruz,Santa Cruz,,,5,,,,,
New Leaf- Capitola,1210 41st Ave. Capitola,Capitola,CA,95010,market,350,Mick,,,50,,n,Y,36.969029,-121.963478,130,,Santa Cruz,Capitola,,,141,130,,,,
New Leaf-Boulder Creek,13159 Hwy 9 Boulder Creek,Boulder Creek,CA,95006,market,50,Mick,,,,,n,Y,37.12487,-122.122536,50,,Santa Cruz,Boulder Creek,,,,50,,,,
New Leaf-Downtown,1134 Pacific Ave. Santa Cruz,Santa Cruz,CA,95060,market,200,Mick,,Kelly,50,,y,Y,36.972871,-122.025706,130,,Santa Cruz,Santa Cruz,,,187,130,,,,
New Leaf-Felton,6240 Hwy 9 Felton,Felton,CA,95018,market,200,Mick,,,,,y,Y,37.051987,-122.072609,180,,Santa Cruz,Felton,,,94,130,50,,,
New Leaf-Westside,1101 Fair Ave, Santa Cruz,CA,95060,market,300,Mick,,Kelly,,,y,Y,36.95929,-122.046295,128,,Santa Cruz,Santa Cruz,,,141,64,64,,,
Oldthown Marketplace,10B Mid-Town Lane, Salinas,CA,93901,market,50,Mick,saturday- take box,Jessica,,,n,,36.6742053,-121.6546784,0,,Monterey,Salinas,,,47,,,,,
Shopper's Corner,622 Soquel Ave, Santa Cruz,CA,95062,market,10,Mick,Lobby copies,,,,n,Y,36.976698,-122.01625,5,,Santa Cruz,Seabright,,,50,5,,,,
Staff of Life,1266 Soquel Avenue, Santa Cruz,CA,95062,market,100,Mick,,,,,,,36.980711,-122.00781,64,,Santa Cruz,Santa Cruz,,,50,64,,,,
Star Market,1275 S Main St, Salinas,CA,93901,market,600,Mick,,Victor,,,y,Y,36.6558723,-121.6591034,506,,Monterey,Salinas,,,250,250,256,,,
The Wharf Marketplace,290 Figueroa St, Monterey,CA,93940,market,100,Mick,,Brant,,,n,Y,36.6006048,-121.8900315,128,,Monterey,Monterey,,,94,64,64,,,
Whole Enchilada Market,7990 Highway 1, Moss Landing,CA,95039,market,100,Mick,,,,,y,,36.7956758,-121.7835163,64,,Monterey,Moss Landing,,,47,64,,,,
Whole Foods,1710 41st Ave, Capitola,CA,95010,market,100,Mick,,,,,y,,36.97419,-121.963791,0,,Santa Cruz,Capitola,,,94,,,,,
Whole Foods,800 Del Monte Center, Monterey,CA,93940,market,250,Mick,customer service desk,,,,y,,36.584535,-121.9003359,320,0,Monterey,Monterey,,,188,128,192,,,
Whole Foods,911 Soquel Ave.,Santa Cruz,CA,95062,market,100,Mick,,,,,y,,36.978828,-122.01416,0,,Santa Cruz,Seabright,,,80,,,,,
Drought Resistant Nursery,"850 Park Ave,",Monterey,CA,93940,nursery,50,Mick,,,,,n,,36.593589,-121.881062,50,,Monterey,Monterey,,,,50,,,,
Martin's Landscape supply,420 Olympia Ave., Seaside,CA,93955,nursery,50,Mick,,,,y,n,,36.6099586,-121.853157,50,,Monterey,Seaside,,,50,50,,,,
Seaside Garden Center,1177 San Pablo Ave., Seaside,CA,93955,nursery,50,Mick,,,,y,n,,36.6149305,-121.841096,50,,Monterey,Seaside,,,47,50,,,,
Kiosk Downtown Association,1130 Pacific Avenue K2 Santa Cruz,Santa Cruz,CA,95060,other,150,Mick,,,,,y,,36.972564,-122.025619,64,,Santa Cruz,Santa Cruz,,,94,64,,,,
Monterey Bay Aquarium Seafood Watch Program,886 Cannery Row, Monterey,CA,93940,other,33,Mick,,,,,,Y,36.617438,-121.901382,0,,Monterey,Monterey,,,,,,,,
Boulder Creek Pizza and Pub,13200 State Route 9, Boulder Creek,CA,95006,pizza,25,Mick,,,,,,,37.125285,-122.122145,0,,Santa Cruz,Santa Cruz,,,,,,,,
Engfer Pizza,537 Seabright Ave, Santa Cruz,CA,95062,pizza,25,Mick,,Liz,,,y,,36.968082,-122.008125,0,,Santa Cruz,Santa Cruz,,,25,,,,,
KAZU 90.3,"100 Campus Center, Bldg 201 Rm 317",Seaside,CA,93955,radio,0,Mick,mailed ,,,,,Y,36.652832,-121.799092,0,,Monterey,Seaside,,,,0,,,,
KSCO,2300 Portola Drive, Santa Cruz,CA,95062,radio,15,Mick,Twin Lakes radio station,John Sandidge,,,n,,36.961289,-121.981155,0,,Santa Cruz,Santa Cruz,,,,,,,,
Beyond the Box Kitchens,1001 Center St, Santa Cruz,CA,95060,retail,100,Mick,,Cyndi,,,n,,36.976109,-122.028778,64,,Santa Cruz,Santa Cruz,,,47,64,,,,
Camp Vintage Antique Show,7250 Carmel Valley Road, Carmel Valley,CA,93924,retail,50,Mick,June 13 & Sept 26 at the Earthbound Farm Stand,,,,,,36.533138,-121.848189,0,,Monterey,Event,,,,,,,,
Dark Horse Pottery,1642 Mission St.,Santa Cruz,CA,95060,retail,50,Mick,Deliver to SC Pottery on Mission,Joel,,,y,Y,36.965395,-122.041467,64,,Santa Cruz,Westside,,,47,64,,,,
Greenspace,719 Swift St, Santa Cruz,CA,95060,retail,30,Mick,,Lydia,,,n,,36.958725,-122.04969,10,,Santa Cruz,Santa Cruz,,,30,10,,,,
Many Hands Gallery,510 Bay Ave. Capitola,Capitola,CA,95010,retail,50,Mick,,Catrin/ Lauren,,,n,,36.978412,-121.952711,64,,Santa Cruz,Capitola,,,47,64,,,,
MJ Murphy Hardware Store,10 E carmel Valley ,Carmel Valley,CA,93924,retail,50,Mick,,,,y,,,36.479021,-121.731071,0,,Monterey ,Carmel Valley,,,50,,,,,
Mountain Feed,9550 State Route 9, Ben Lomond,CA,95005,retail,150,Mick,,Jorah/Andi,,y,n,,37.089825,-122.091217,64,,Santa Cruz,Santa Cruz Mntns,,,47,64,,,,
ReStore - Habitat for Humanity,719 Swift St Suite 62,Santa cruz,CA,95060,retail,25,Mick,,,,,n,Y,36.958957,-122.049185,25,,Santa Cruz,Santa cruz,,,30,25,,,,
Salinas Kitchens & Bath,1368 S. Main Street, Salinas,CA,93901,retail,25,Mick,,,,,n,,36.6543617,-121.6613846,0,,Monterey,Salinas,,,30,,,,,
Santa Cruz Kitchens & Bath,1824 Soquel Ave, Santa Cruz,CA,95062,retail,25,Mick,,,,,n,,36.981478,-122.000623,25,,Santa Cruz,Seabright,,,30,25,,,,
Sea Breeze Gallery,115 San Jose Ave. D Capitola,Capitola,CA,95010,retail,50,Mick,,Alyce,,y,n,,36.9723684,-121.9515882,0,,Santa Cruz,Capitola,,,47,,,,,
The True Olive Connection,106 Lincoln St., Santa Cruz,CA,95060,retail,25,Mick,,Susan,,,y,,36.972745,-122.025926,0,,Santa Cruz,Santa Cruz,,,47,,,,,
CSUMB,100 Campus Center, Seaside,CA,93955,school,33,Mick,"EVENT - Is this the college, who delivers?",,,,n,,36.6528831,-121.7954649,0,,Monterey,Seaside,,,,,,,,
UCSC,1156 High Street, Santa Cruz,CA,95064,school,33,Mick,"Farm stand T/F, Closed for season",Martha Brown,,,n,,36.977146,-122.052301,0,,Santa Cruz,Santa Cruz,,,94,,,,,
Blade Tech,"
",Pacific Grove,CA,93940,service,250,Mick,Floater - call owner 831-917-1330 and arrange a place to meet,Sean Joseph,,,y,Y,36.622406,-121.916504,320,,Monterey,Pacific Grove,,,94,320,,,,
Dina Clark Design,1729 Seabright Ave Ste. A, Santa Cruz,CA,95062,service,10,Mick,,,,,,Y,36.980839,-122.010838,0,,Santa Cruz,Santa Cruz,,,,,,,,
"L+G LLP, Attornies at Law",318 Cayuga St., Salinas,CA,93901,service,10,Mick,,,,,,Y,36.672477,-121.658966,10,,,SALINAS,,,10,10,,,,
Chardonnay Sailing Charters,704 Soquel Ave, Santa Cruz,CA,95062,sport,15,Mick,copies for office,,,,,Y,36.976899,-122.015875,0,,Santa Cruz,Santa Cruz,,,,,,,,
Burrell School Winery,24060 Summit Rd, Los Gatos,CA,95033,wine,0,Mick,,,,,,,37.121948,-121.932082,0,,Santa Clara,Summit,,,,,,,,
Hahn,37700 Foothill Road, Soledad,CA,93960,wine,50,Mick,,,,,n,,36.3832016,-121.3554916,130,,Monterey,River Road,,,84,130,,,,
Hallcrest Vineyards,379 Felton Empire Rd. Felton,Felton,CA,95018,wine,50,Mick,,John/Curtis,,,n,,37.050819,-122.077148,0,,Santa Cruz,Santa Cruz Mntns,,,50,,,,,
Jeninni Kitchen & Wine Bar,542 Lighthouse Ave, Pacific Grove,CA,93950,wine,50,Mick,,,,,,Y,36.621073,-121.916937,64,,Monterey,Pacific Grove,,,,64,,,,
Santa Cruz Mountain Winery,334 Ingalls St, Santa Cruz,CA,95060,wine,100,Mick,,Jeff,,,n,,36.95887,-122.04791,,,Santa Cruz ,Westside,,,,130,,,,
Scheid Tasting Room,1972 Hobson Ave.,Greenfield,CA,93927,wine,50,Mick,they take to Greenfield tasting room,,,,n,Y,36.2735825,-121.193779,130,,Monterey,River Road,,,47,130,,,,
Ser Winery,427 Swift Street,Santa Cruz,CA,95060,wine,50,Mick,need to check location,,,,,Y,36.956384,-122.048689,0,,Santa Cruz,Santa Cruz,,,,,,,,
Silver Mountain Vineyards,Silver Mountain Dr, Los Gatos,CA,95033,wine,0,Mick,,,,,,,37.110492,-121.934327,0,,Santa Clara,Summit,,,,,,,,
Storrs Winery,303 Portrero  suite #35 Santa Cruz,Santa Cruz,CA,95060,wine,50,Mick,,Pamela,,,n,Y,36.981175,-122.031281,50,,Santa Cruz,Santa Cruz,,,47,50,,,,
Villa Del Monte Winery,23076 Summit Rd, Los Gatos,CA,95033,wine,0,Mick,,,,,,,37.132483,-121.961617,0,,Santa Clara,Summit,,,,,,,,
Windy Oaks,325 A River St. Santa Cruz,Santa Cruz,CA,95060,wine,30,Mick,,Cary,,,n,Y,36.981003,-122.029419,0,,Santa Cruz,Santa Cruz,,,30,,,,,
Wrath Wines,35801 Foothill Rd., Soledad,CA,93960,wine,25,Mick,,,,y,n,,36.4091187,-121.3852081,50,,Monterey,River Road,,,47,50,,,,
Wrights Station Winery,24250 Loma Prieta Ave, Los Gatos,CA,95033,wine,0,Mick,,,,,,,37.123227,-121.928594,0,,Santa Clara,Summit,,,,,,,,
A Taste of Monterey,700 Cannery Row, Monterey,CA,93940,xxx,100,Mick,,Ken,,,y,,36.616669,-121.89991,74,,Monterey,Monterey,,,50,64,,10,,
Amoureuse,1119 Soquel Ave, Santa Cruz,CA,95062,xxx,25,Mick,,Sally,,y,n,,36.979569,-122.011711,0,,Santa Cruz,Santa Cruz,,,25,,,,,
Aqua Terra,529 Central Ave, Pacific Grove,CA,93950,xxx,10,Mick,,,,,n,Y,36.621735,-121.915928,0,,Monterey,Pacific Grove,,,,,,,,
Bay of Pines,150 Del Monte Ave, Monterey,CA,93940,xxx,10,Mick,"CLOSED MONDAYS, closed for the winter",,,,n,,36.6006622,-121.8934555,0,,Monterey,Monterey,,,47,,,,,
Driftwood,8071 Moss Landing Rd, Moss Landing,CA,95039,xxx,25,Mick,,,,,n,,36.7974689,-121.786108,20,,Monterey,Moss Landing,,,25,20,,,,
Fresh from D'Vine,1115 Monterey-Salinas Hwy, Salinas,CA,93901,xxx,50,Mick,,Jenni,,,n,,36.5701617,-121.7585047,50,,Monterey,Salinas,,,47,50,,,,
Gold Leaf,8 W. Gabilan Street, Salinas,CA,93901,xxx,30,Mick,,,,,n,,36.6756275,-121.6556943,0,,Monterey,Salinas,,,30,,,,,
Great Infusions Co.,317 Potrero St, Santa Cruz,CA,95060,xxx,50,Mick,,Sebastian,,,n,Y,36.981629,-122.030047,25,,Santa Cruz,Santa Cruz,,,25,25,,,,
Gusto,1901 Fremont Blvd, Seaside,CA,93955,xxx,50,Mick,,,,,,Y,36.616996,-121.842027,128,,Monterey,Seaside,,,,64,64,,,
Iveta,2125 Delaware Ave. Ste F, Santa Cruz,CA,95060,xxx,50,Mick,,John/Danielle,,,y,,36.955063,-122.050285,0,,Santa Cruz,Santa Cruz,,,47,,,,,
Jones & Bones,621 Capitola Ave., Capitola,CA,95010,xxx,50,Mick,,Jennifer,,,y,,36.978073,-121.953507,50,,Santa Cruz,Capitola,,,47,50,,,,
Julia's,1180 Forest Ave #F, Pacific Grove,CA,93950,xxx,50,Mick,ONLY OPEN THURS-SUN,Michael,,,n,,36.6057272,-121.9214134,30,,Monterey,Pacific Grove,,,47,30,,,,
La Creme/Crema,481 Lighthouse Ave, Pacific Grove,CA,93950,xxx,50,Mick,,Tamie,,,n,,36.6197968,-121.91539,50,,Monterey,Pacific Grove,,,47,50,,,,
Laili,101 Cooper St, Santa Cruz,CA,95060,xxx,100,Mick,,Ali,,,y,Y,36.975078,-122.026288,25,,Santa Cruz,Santa Cruz,,,47,25,,,,
Local Harvest Eatery,504 Front Street,Santa Cruz,CA,95060,xxx,25,Mick,,,,,,,36.971964,-122.024224,0,,Santa Cruz,,,,,,,,,
Manzoni,30981 River Road, Soledad,CA,93960,xxx,50,Mick,,,,,n,,36.4757195,-121.46772,50,,Monterey,River Road,,,47,50,,,,
Melinda's,41st Ave Capitola,Santa Cruz,CA,95060,xxx,25,Mick,,,,,n,,36.971149,-121.96471,25,,Santa Cruz,Santa Cruz,,,,25,,,,
Mint,4652 Scotts Valley Dr, Scotts Valley,CA,95066,xxx,15,Mick,,,,,n,,37.04929,-122.015205,15,,Santa Cruz,Scotts Valley,,,25,15,,,,
Monterey Plaza/Spa & Scooners?,400 Cannery Row, Monterey,CA,93940,xxx,25,Mick,,,,,n,,36.6124132,-121.8981432,0,,Monterey,Monterey,,,,,,,,
My Attic 1937,414 Alvarado St, Monterey,CA,93940,xxx,25,Mick,,,,,,Y,36.599504,-121.894521,60,,Monterey,Monterey,,,,30,30,,,
Pacific Trading Co.,504 Bay Ave, Capitola,CA,95010,xxx,25,Mick,,Anandi,,,y,Y,36.978638,-121.952499,30,,Santa Cruz,Capitola,,,30,30,,,,
Pacific Trading Co.,1224 Pacific Ave. Santa Cruz,Santa Cruz,CA,95060,xxx,50,Mick,,Anandi,,,n,Y,36.97369,-122.025673,35,,Santa Cruz,Santa Cruz,,,47,35,,,,
Pessagno,1645 River Rd. Salinas,Salinas,CA,93908,xxx,50,Mick,,,,,n,,36.4778562,-121.4813977,50,,Monterey,River Road,,,47,50,,,,
Petite Provence,506 Bay Ave. Capitola,Capitola,CA,95010,xxx,15,Mick,ouch did not display at all,Veronique,,y,y,,36.978733,-121.952828,10,,Santa Cruz,Capitola,,,30,10,,,,
Picnic Basket,125 Beach St, Santa Cruz,CA,95060,xxx,150,Mick,,Zach/Evan,,,n,Y,36.964211,-122.023361,94,,Santa Cruz,Santa Cruz,,,47,64,30,,,
Post No Bills,600 Ortiz Ave,Seaside,CA,93955,xxx,50,Mick,see EVENTS,,,,n,,36.6120033,-121.8501129,0,,Monterey,Seaside,,,30,,,,,
Puma,32720 River Road, Soledad,CA,93960,xxx,50,Mick,,,,,n,,36.4637947,-121.450882,64,,Monterey,River Road,,,47,64,,,,
Ramblin' Adventure Club,39 Edgewood Way, Santa Cruz,CA,95060,xxx,10,Mick,,,,,,Y,36.981455,-122.024019,0,,Santa Cruz,Santa Cruz,,,,,,,,
Ringlets & Roots-Kristen King,240 Main Street, Salinas,CA,93901,xxx,33,Mick,,,,,,Y,36.674622,-121.655079,15,,Monterey,Salinas,,,,15,,,,
Salinas 411,222 Main Street, Salinas,CA,93901,xxx,300,Mick,We'll have Flora pick up from here for the Salinas and King City Farmers' markets as well as the Cork & Plough ,,,,n,Y,36.6750412,-121.6554871,150,,Monterey,Salinas,,,250,150,,,,
Soif,105 Walnut Ave, Santa Cruz,CA,95060,xxx,25,Mick,,Patrice,,,n,Y,36.973309,-122.026268,25,,Santa Cruz,Santa Cruz,,,30,25,,,,
Stone Creek Kitchen,465 Canyon Del Rey Blvd, Monterey,CA,93940,xxx,300,Mick,,Linda,,,y,Y,36.5823441,-121.8292313,194,,Monterey,Monterey,,,94,130,64,,,
Talbott,37700 Foothill Rd, Soledad,CA,93960,xxx,50,Mick,,,,,n,Y,36.3832016,-121.3554916,130,,Monterey,River Road,,,84,130,,,,
The Foundre,13026 Central Ave, Boulder Creek,CA,95006,xxx,10,Mick,,Stephanie,,,n,,37.122948,-122.121429,0,,Santa Cruz,Boulder Creek,,,25,,,,,
The Works,667 Lighthouse Ave, Pacific Grove,CA,93950,xxx,25,Mick,,,,,n,,36.6219101,-121.9201813,30,,Monterey,Pacific Grove,,,30,30,,,,
Tramonti,528 Seabright Ave, Santa Cruz,CA,95062,xxx,25,Mick,,,,,n,,36.967972,-122.007645,0,,Santa Cruz,Santa Cruz,,,,,,,,
TusCA Ristorante / Hyatt Monterey,1 Old Golf Course Rd, Monterey,CA,93940,xxx,550,Mick,550 rooms,Walter,,,n,Y,36.5926842,-121.8770429,576,,Monterey,Monterey,,,550,576,,,,
Viva's,1201 Soquel Ave, Santa Cruz,CA,95062,xxx,50,Mick,,Conrad,,y,n,,36.979885,-122.01052,64,,Santa Cruz,Seabright,,,47,64,,,,
Wild Plum,731 Munras Ave, Monterey,CA,93940,xxx,25,Mick,,,,,n,,36.5948655,-121.8931791,0,,Monterey,Monterey,,,30,,,,,
Zeph's,1366 S Main St, Salinas,CA,93901,xxx,50,Mick,,,,,n,,36.6545179,-121.6606712,0,,Monterey,Salinas,,,47,,,,,
SCCFarmers Market,1305 Fair Ave. #2,Santa Cruz,CA,95060,farmers market,200,Mick,deliver to warehouse,Nesh/ Nicki,,,n,,36.960667,-122.0466,130,,Santa Cruz,Westside,,,188,130,,,,
Troia Foods,801 Foam St, Monterey,CA,93940,food,15,Mick,not a display stop,,,,n,Y,36.616156,-121.903274,0,,Monterey,Monterey,,,,,,,,
Phoebe's/Asilomar,800 Asilomar Ave,Pacific Grove,CA,93940,lodging,50,Mick,,,,,n,,36.619263,-121.93719,,,Monterey ,Pacific Grove,,,50,50,,,,
Pebble Beach Office,2790 17-Mile Drive,Pebble Beach,CA,93953,lodging,0,Sarah,mailed,,,,n,,36.611101,-121.9377306,0,,Monterey,Pebble Beach,,,,,,,,